{
    "hidden_size": 32,
    "n_layers": 1,
    "alpha_pit": 50.17423203169257,
    "lr": 0.0009167433950484501,
    "dropout": 0.3412925963915854
}