{
    "hidden_size": 32,
    "n_layers": 2,
    "alpha_pit": 50.04190604930507,
    "lr": 0.0009972856869848138,
    "dropout": 0.37433240571492277
}