{
    "hidden_size": 32,
    "n_layers": 2,
    "alpha_pit": 50.40845631031488,
    "lr": 0.00013577186082231707,
    "dropout": 0.2680918125974503
}