{
    "hidden_size": 32,
    "n_layers": 2,
    "alpha_pit": 50.22872116633978,
    "lr": 0.0009674704315428337,
    "dropout": 0.10154764360987542
}