{
    "hidden_size": 8,
    "n_layers": 1,
    "alpha_pit": 50.368226537516115,
    "lr": 0.00019710540022333905,
    "dropout": 0.13222200383412439
}