{
    "hidden_size": 32,
    "n_layers": 2,
    "alpha_pit": 53.17222140203763,
    "lr": 0.0009964738948731293,
    "dropout": 0.3875644947766425
}