{
    "hidden_size": 32,
    "n_layers": 2,
    "alpha_pit": 52.815811357947716,
    "lr": 0.0009988489590985303,
    "dropout": 0.37222031676410233
}