{
    "hidden_size": 8,
    "n_layers": 2,
    "alpha_pit": 50.96888732730778,
    "lr": 0.00011043163015836386,
    "dropout": 0.25182212763463246
}