{
    "hidden_size": 16,
    "n_layers": 1,
    "alpha_pit": 54.812031249907605,
    "lr": 0.00019386804920822163,
    "dropout": 0.28888891811213546
}