{
    "hidden_size": 32,
    "n_layers": 2,
    "alpha_pit": 50.33547697448129,
    "lr": 0.0009993983477848232,
    "dropout": 0.18001548047971927
}