{
    "hidden_size": 32,
    "n_layers": 2,
    "alpha_pit": 50.00613326097592,
    "lr": 0.0003844303033450258,
    "dropout": 0.19563127151410403
}