{
    "hidden_size": 32,
    "n_layers": 2,
    "alpha_pit": 59.18745282155261,
    "lr": 0.0008372733521160253,
    "dropout": 0.37613658516565934
}