{
    "hidden_size": 32,
    "n_layers": 2,
    "alpha_pit": 50.23973078206875,
    "lr": 0.0006949802475784716,
    "dropout": 0.22788506955002463
}