{
    "hidden_size": 32,
    "n_layers": 1,
    "alpha_pit": 50.00917063451168,
    "lr": 0.0008316186281433108,
    "dropout": 0.24744695865393057
}