{
    "hidden_size": 16,
    "n_layers": 1,
    "alpha_pit": 50.12197889264609,
    "lr": 0.00044689729673809804,
    "dropout": 0.3213627971800543
}