{
    "G_PC_AAPL_1": {
        "hidden_size": 32,
        "n_layers": 2,
        "alpha_pit": 69.13122666187694,
        "lr": 0.000998483022185453,
        "dropout": 0.23169800997504927
    },
    "G_PC_AAPL_2": {
        "hidden_size": 32,
        "n_layers": 2,
        "alpha_pit": 50.67603173657535,
        "lr": 0.000972923940170298,
        "dropout": 0.31534719218877877
    },
    "G_PC_AAPL_3": {
        "hidden_size": 32,
        "n_layers": 2,
        "alpha_pit": 51.10971325191814,
        "lr": 0.0009990274631942336,
        "dropout": 0.12416938716808784
    },
    "G_PC_AMZN_1": {
        "hidden_size": 32,
        "n_layers": 2,
        "alpha_pit": 91.79276006286176,
        "lr": 0.0009367180533600778,
        "dropout": 0.16479520818552862
    },
    "G_PC_AMZN_2": {
        "hidden_size": 32,
        "n_layers": 2,
        "alpha_pit": 50.23973078206875,
        "lr": 0.0006949802475784716,
        "dropout": 0.22788506955002463
    },
    "G_PC_AMZN_3": {
        "hidden_size": 32,
        "n_layers": 2,
        "alpha_pit": 55.78277197241222,
        "lr": 0.0009391152402359983,
        "dropout": 0.13672906311698324
    },
    "G_PC_GLD_1": {
        "hidden_size": 32,
        "n_layers": 2,
        "alpha_pit": 53.17222140203763,
        "lr": 0.0009964738948731293,
        "dropout": 0.3875644947766425
    },
    "G_PC_GLD_2": {
        "hidden_size": 32,
        "n_layers": 2,
        "alpha_pit": 55.87874690318215,
        "lr": 0.0009050164416939923,
        "dropout": 0.25423209959177284
    },
    "G_PC_GLD_3": {
        "hidden_size": 32,
        "n_layers": 2,
        "alpha_pit": 54.55277451882488,
        "lr": 0.0008316214704005893,
        "dropout": 0.19445177628302207
    },
    "G_PC_GOOGL_1": {
        "hidden_size": 32,
        "n_layers": 2,
        "alpha_pit": 58.01395081980866,
        "lr": 0.0009173955347281845,
        "dropout": 0.20617906076541542
    },
    "G_PC_GOOGL_2": {
        "hidden_size": 32,
        "n_layers": 2,
        "alpha_pit": 59.18745282155261,
        "lr": 0.0008372733521160253,
        "dropout": 0.37613658516565934
    },
    "G_PC_GOOGL_3": {
        "hidden_size": 32,
        "n_layers": 2,
        "alpha_pit": 50.22872116633978,
        "lr": 0.0009674704315428337,
        "dropout": 0.10154764360987542
    },
    "G_PC_IWM_1": {
        "hidden_size": 32,
        "n_layers": 2,
        "alpha_pit": 52.815811357947716,
        "lr": 0.0009988489590985303,
        "dropout": 0.37222031676410233
    },
    "G_PC_IWM_2": {
        "hidden_size": 32,
        "n_layers": 2,
        "alpha_pit": 53.58892961368133,
        "lr": 0.0009874116489524865,
        "dropout": 0.2140628056435467
    },
    "G_PC_IWM_3": {
        "hidden_size": 32,
        "n_layers": 1,
        "alpha_pit": 56.50044494991258,
        "lr": 0.000980028170937012,
        "dropout": 0.1269390932537241
    },
    "G_PC_JPM_1": {
        "hidden_size": 32,
        "n_layers": 2,
        "alpha_pit": 51.35735956136126,
        "lr": 0.0009422839399718153,
        "dropout": 0.18370732425925623
    },
    "G_PC_JPM_2": {
        "hidden_size": 32,
        "n_layers": 2,
        "alpha_pit": 50.83696640561862,
        "lr": 0.0009522647473974885,
        "dropout": 0.14912872940671507
    },
    "G_PC_JPM_3": {
        "hidden_size": 32,
        "n_layers": 1,
        "alpha_pit": 53.21266975284617,
        "lr": 0.0009379345424407524,
        "dropout": 0.3135622506766452
    },
    "G_PC_MSFT_1": {
        "hidden_size": 32,
        "n_layers": 2,
        "alpha_pit": 52.91163736657295,
        "lr": 0.0008051944515176933,
        "dropout": 0.1867346940705204
    },
    "G_PC_MSFT_2": {
        "hidden_size": 32,
        "n_layers": 2,
        "alpha_pit": 53.54135030011848,
        "lr": 0.0009964407338524108,
        "dropout": 0.2416667832481933
    },
    "G_PC_MSFT_3": {
        "hidden_size": 32,
        "n_layers": 2,
        "alpha_pit": 55.5012652923745,
        "lr": 0.0008799849123243307,
        "dropout": 0.20909233684334105
    },
    "G_PC_NFLX_1": {
        "hidden_size": 32,
        "n_layers": 2,
        "alpha_pit": 50.391255701534824,
        "lr": 0.0009407680427391868,
        "dropout": 0.10037884809590156
    },
    "G_PC_NFLX_2": {
        "hidden_size": 32,
        "n_layers": 2,
        "alpha_pit": 50.37387733433428,
        "lr": 0.0009807113272395143,
        "dropout": 0.27124009469539245
    },
    "G_PC_NFLX_3": {
        "hidden_size": 32,
        "n_layers": 2,
        "alpha_pit": 58.267307603359235,
        "lr": 0.0009900896387609376,
        "dropout": 0.23120179656969223
    },
    "G_PC_NVDA_1": {
        "hidden_size": 32,
        "n_layers": 2,
        "alpha_pit": 68.13086878513708,
        "lr": 0.0008636031017685347,
        "dropout": 0.2260849765814695
    },
    "G_PC_NVDA_2": {
        "hidden_size": 32,
        "n_layers": 2,
        "alpha_pit": 50.62708648312708,
        "lr": 0.0009994989329888122,
        "dropout": 0.20787126962148544
    },
    "G_PC_NVDA_3": {
        "hidden_size": 32,
        "n_layers": 2,
        "alpha_pit": 50.25962555804165,
        "lr": 0.0009494671604961076,
        "dropout": 0.2682444166614401
    },
    "G_PC_QQQ_1": {
        "hidden_size": 32,
        "n_layers": 2,
        "alpha_pit": 53.10473303202896,
        "lr": 0.0009180317496024584,
        "dropout": 0.23533483282253906
    },
    "G_PC_QQQ_2": {
        "hidden_size": 32,
        "n_layers": 2,
        "alpha_pit": 50.03334717431245,
        "lr": 0.0009499172837540782,
        "dropout": 0.37548797480015644
    },
    "G_PC_QQQ_3": {
        "hidden_size": 32,
        "n_layers": 2,
        "alpha_pit": 50.000156100877696,
        "lr": 0.0006789360280065458,
        "dropout": 0.16732259009547207
    },
    "G_PC_SPY_1": {
        "hidden_size": 32,
        "n_layers": 2,
        "alpha_pit": 50.04190604930507,
        "lr": 0.0009972856869848138,
        "dropout": 0.37433240571492277
    },
    "G_PC_SPY_2": {
        "hidden_size": 32,
        "n_layers": 2,
        "alpha_pit": 54.09665425345866,
        "lr": 0.0009257401956433449,
        "dropout": 0.2930541554198224
    },
    "G_PC_SPY_3": {
        "hidden_size": 32,
        "n_layers": 2,
        "alpha_pit": 50.97980534592383,
        "lr": 0.0007813235779140921,
        "dropout": 0.35604756622108846
    },
    "G_PC_TLT_1": {
        "hidden_size": 32,
        "n_layers": 2,
        "alpha_pit": 70.25769311816718,
        "lr": 0.0008185778008760235,
        "dropout": 0.38884310341784034
    },
    "G_PC_TLT_2": {
        "hidden_size": 32,
        "n_layers": 2,
        "alpha_pit": 50.26950637522181,
        "lr": 0.0009568980302525656,
        "dropout": 0.20694350408820572
    },
    "G_PC_TLT_3": {
        "hidden_size": 32,
        "n_layers": 2,
        "alpha_pit": 50.21178610036852,
        "lr": 0.0009863351174040037,
        "dropout": 0.2559630710747166
    },
    "G_PC_TSLA_1": {
        "hidden_size": 32,
        "n_layers": 2,
        "alpha_pit": 52.476264653368254,
        "lr": 0.0009366966895556242,
        "dropout": 0.29123708050424896
    },
    "G_PC_TSLA_2": {
        "hidden_size": 32,
        "n_layers": 2,
        "alpha_pit": 50.16332917892748,
        "lr": 0.0009148931104736325,
        "dropout": 0.1474948069348384
    },
    "G_PC_TSLA_3": {
        "hidden_size": 32,
        "n_layers": 2,
        "alpha_pit": 50.071173740617205,
        "lr": 0.0009865232346132641,
        "dropout": 0.22624764092049057
    },
    "G_PC_V_1": {
        "hidden_size": 32,
        "n_layers": 2,
        "alpha_pit": 74.48754786570356,
        "lr": 0.0009985783888258775,
        "dropout": 0.11202227695948103
    },
    "G_PC_V_2": {
        "hidden_size": 32,
        "n_layers": 2,
        "alpha_pit": 50.33547697448129,
        "lr": 0.0009993983477848232,
        "dropout": 0.18001548047971927
    },
    "G_PC_V_3": {
        "hidden_size": 32,
        "n_layers": 2,