{
    "hidden_size": 32,
    "n_layers": 2,
    "alpha_pit": 50.03334717431245,
    "lr": 0.0009499172837540782,
    "dropout": 0.37548797480015644
}