{
    "hidden_size": 32,
    "n_layers": 1,
    "alpha_pit": 53.21266975284617,
    "lr": 0.0009379345424407524,
    "dropout": 0.3135622506766452
}