{
    "hidden_size": 32,
    "n_layers": 2,
    "alpha_pit": 55.87874690318215,
    "lr": 0.0009050164416939923,
    "dropout": 0.25423209959177284
}