{
    "hidden_size": 32,
    "n_layers": 2,
    "alpha_pit": 54.55277451882488,
    "lr": 0.0008316214704005893,
    "dropout": 0.19445177628302207
}