{
    "hidden_size": 32,
    "n_layers": 2,
    "alpha_pit": 52.91163736657295,
    "lr": 0.0008051944515176933,
    "dropout": 0.1867346940705204
}