{
    "hidden_size": 32,
    "n_layers": 2,
    "alpha_pit": 53.58892961368133,
    "lr": 0.0009874116489524865,
    "dropout": 0.2140628056435467
}