{
    "hidden_size": 8,
    "n_layers": 2,
    "alpha_pit": 50.084481932339486,
    "lr": 0.00021563905862936325,
    "dropout": 0.16368280597415802
}