{
    "hidden_size": 32,
    "n_layers": 2,
    "alpha_pit": 50.26950637522181,
    "lr": 0.0009568980302525656,
    "dropout": 0.20694350408820572
}