{
    "hidden_size": 16,
    "n_layers": 1,
    "alpha_pit": 50.18213279621531,
    "lr": 0.0002330176948201202,
    "dropout": 0.1107338898666855
}