{
    "hidden_size": 32,
    "n_layers": 2,
    "alpha_pit": 55.78277197241222,
    "lr": 0.0009391152402359983,
    "dropout": 0.13672906311698324
}