{
    "hidden_size": 16,
    "n_layers": 1,
    "alpha_pit": 50.025733109565145,
    "lr": 0.00016637745137227893,
    "dropout": 0.23316367021194093
}