{
    "hidden_size": 32,
    "n_layers": 2,
    "alpha_pit": 50.309427068247075,
    "lr": 0.00012139172308081239,
    "dropout": 0.19206529430495287
}