{
    "hidden_size": 8,
    "n_layers": 1,
    "alpha_pit": 55.02394166862468,
    "lr": 0.0002878311371153458,
    "dropout": 0.32501831131260955
}