{
    "hidden_size": 8,
    "n_layers": 2,
    "alpha_pit": 64.67596429892524,
    "lr": 0.00034232030245251823,
    "dropout": 0.19360534434746174
}