{
    "hidden_size": 8,
    "n_layers": 1,
    "alpha_pit": 64.16949459523033,
    "lr": 0.0005407077269472566,
    "dropout": 0.11628418095191458
}