{
    "hidden_size": 8,
    "n_layers": 2,
    "alpha_pit": 50.22260088095697,
    "lr": 0.00029583244896113297,
    "dropout": 0.18991320284818008
}