{
    "hidden_size": 32,
    "n_layers": 2,
    "alpha_pit": 50.000156100877696,
    "lr": 0.0006789360280065458,
    "dropout": 0.16732259009547207
}