{
    "hidden_size": 32,
    "n_layers": 2,
    "alpha_pit": 50.07904595743256,
    "lr": 0.0004166412562693346,
    "dropout": 0.11179100946283915
}