{
    "hidden_size": 8,
    "n_layers": 2,
    "alpha_pit": 53.47590621972639,
    "lr": 0.0005962952898790688,
    "dropout": 0.396033126534162
}