{
    "hidden_size": 32,
    "n_layers": 2,
    "alpha_pit": 50.07625780477022,
    "lr": 0.0005428854674099399,
    "dropout": 0.3030770878626335
}