{
    "hidden_size": 16,
    "n_layers": 2,
    "alpha_pit": 58.13065493556867,
    "lr": 0.00034433195177907,
    "dropout": 0.30973520679359523
}