{
    "hidden_size": 32,
    "n_layers": 2,
    "alpha_pit": 50.391255701534824,
    "lr": 0.0009407680427391868,
    "dropout": 0.10037884809590156
}