{
    "hidden_size": 32,
    "n_layers": 2,
    "alpha_pit": 53.54135030011848,
    "lr": 0.0009964407338524108,
    "dropout": 0.2416667832481933
}