{
    "hidden_size": 32,
    "n_layers": 2,
    "alpha_pit": 51.35735956136126,
    "lr": 0.0009422839399718153,
    "dropout": 0.18370732425925623
}