{
    "hidden_size": 32,
    "n_layers": 1,
    "alpha_pit": 50.62713531385356,
    "lr": 0.00017068314736059555,
    "dropout": 0.14268602586156753
}