{
    "hidden_size": 16,
    "n_layers": 1,
    "alpha_pit": 50.55602739557019,
    "lr": 0.00025569563297839584,
    "dropout": 0.14748554407283637
}