{
    "hidden_size": 32,
    "n_layers": 2,
    "alpha_pit": 50.97980534592383,
    "lr": 0.0007813235779140921,
    "dropout": 0.35604756622108846
}