{
    "hidden_size": 32,
    "n_layers": 1,
    "alpha_pit": 50.23631847416219,
    "lr": 0.0001387251835712032,
    "dropout": 0.3454976176723329
}