{
    "hidden_size": 8,
    "n_layers": 2,
    "alpha_pit": 50.086300779563736,
    "lr": 0.0006951635098684286,
    "dropout": 0.36335628135711173
}