{
    "hidden_size": 32,
    "n_layers": 2,
    "alpha_pit": 58.267307603359235,
    "lr": 0.0009900896387609376,
    "dropout": 0.23120179656969223
}