{
    "hidden_size": 32,
    "n_layers": 2,
    "alpha_pit": 50.1344954242061,
    "lr": 0.0009287965935352193,
    "dropout": 0.33125162666257557
}