{
    "hidden_size": 16,
    "n_layers": 2,
    "alpha_pit": 59.07264541543634,
    "lr": 0.0003521352925015755,
    "dropout": 0.33554233005894757
}