{
    "hidden_size": 32,
    "n_layers": 2,
    "alpha_pit": 50.67603173657535,
    "lr": 0.000972923940170298,
    "dropout": 0.31534719218877877
}