{
    "hidden_size": 32,
    "n_layers": 2,
    "alpha_pit": 50.40826212932789,
    "lr": 0.0007615395518697264,
    "dropout": 0.2709053310693684
}