{
    "hidden_size": 32,
    "n_layers": 2,
    "alpha_pit": 50.62708648312708,
    "lr": 0.0009994989329888122,
    "dropout": 0.20787126962148544
}