{
    "hidden_size": 32,
    "n_layers": 2,
    "alpha_pit": 53.10473303202896,
    "lr": 0.0009180317496024584,
    "dropout": 0.23533483282253906
}