{
    "hidden_size": 16,
    "n_layers": 1,
    "alpha_pit": 56.668760506107354,
    "lr": 0.0001530290601694911,
    "dropout": 0.25027626529839864
}