{
    "hidden_size": 32,
    "n_layers": 2,
    "alpha_pit": 74.48754786570356,
    "lr": 0.0009985783888258775,
    "dropout": 0.11202227695948103
}