{
    "hidden_size": 32,
    "n_layers": 1,
    "alpha_pit": 56.50044494991258,
    "lr": 0.000980028170937012,
    "dropout": 0.1269390932537241
}