{
    "hidden_size": 8,
    "n_layers": 2,
    "alpha_pit": 51.1893181252588,
    "lr": 0.00011566615705855866,
    "dropout": 0.33855476375840726
}