{
    "hidden_size": 32,
    "n_layers": 2,
    "alpha_pit": 50.21178610036852,
    "lr": 0.0009863351174040037,
    "dropout": 0.2559630710747166
}