{
    "hidden_size": 8,
    "n_layers": 1,
    "alpha_pit": 50.31830530059121,
    "lr": 0.000490290843834494,
    "dropout": 0.3642293095483164
}