{
    "hidden_size": 8,
    "n_layers": 1,
    "alpha_pit": 50.15979769353294,
    "lr": 0.00014674203029966525,
    "dropout": 0.14400272838291447
}