{
    "hidden_size": 32,
    "n_layers": 2,
    "alpha_pit": 70.25769311816718,
    "lr": 0.0008185778008760235,
    "dropout": 0.38884310341784034
}