{
    "hidden_size": 32,
    "n_layers": 2,
    "alpha_pit": 50.83696640561862,
    "lr": 0.0009522647473974885,
    "dropout": 0.14912872940671507
}