{
    "hidden_size": 32,
    "n_layers": 2,
    "alpha_pit": 54.09665425345866,
    "lr": 0.0009257401956433449,
    "dropout": 0.2930541554198224
}