{
    "hidden_size": 32,
    "n_layers": 2,
    "alpha_pit": 52.476264653368254,
    "lr": 0.0009366966895556242,
    "dropout": 0.29123708050424896
}