{
    "hidden_size": 32,
    "n_layers": 2,
    "alpha_pit": 91.79276006286176,
    "lr": 0.0009367180533600778,
    "dropout": 0.16479520818552862
}