{
    "hidden_size": 16,
    "n_layers": 2,
    "alpha_pit": 50.58418757013063,
    "lr": 0.0005213817621959729,
    "dropout": 0.1112077549014111
}