{
    "hidden_size": 32,
    "n_layers": 2,
    "alpha_pit": 55.5012652923745,
    "lr": 0.0008799849123243307,
    "dropout": 0.20909233684334105
}