{
    "hidden_size": 32,
    "n_layers": 2,
    "alpha_pit": 50.071173740617205,
    "lr": 0.0009865232346132641,
    "dropout": 0.22624764092049057
}