{
    "hidden_size": 16,
    "n_layers": 1,
    "alpha_pit": 50.022626883592054,
    "lr": 0.00015650010033628833,
    "dropout": 0.1645206062847864
}