{
    "hidden_size": 32,
    "n_layers": 2,
    "alpha_pit": 58.01395081980866,
    "lr": 0.0009173955347281845,
    "dropout": 0.20617906076541542
}