{
    "hidden_size": 8,
    "n_layers": 2,
    "alpha_pit": 50.19838195118171,
    "lr": 0.00010349950120074873,
    "dropout": 0.1102219324518294
}