{
    "hidden_size": 32,
    "n_layers": 2,
    "alpha_pit": 50.25962555804165,
    "lr": 0.0009494671604961076,
    "dropout": 0.2682444166614401
}