{
    "hidden_size": 8,
    "n_layers": 2,
    "alpha_pit": 54.02488025020114,
    "lr": 0.0001806192429670444,
    "dropout": 0.36493058004526907
}