{
    "hidden_size": 16,
    "n_layers": 1,
    "alpha_pit": 50.33699238675885,
    "lr": 0.00019242192828003955,
    "dropout": 0.1020168066971068
}