{
    "hidden_size": 32,
    "n_layers": 2,
    "alpha_pit": 68.13086878513708,
    "lr": 0.0008636031017685347,
    "dropout": 0.2260849765814695
}