{
    "hidden_size": 32,
    "n_layers": 2,
    "alpha_pit": 51.10971325191814,
    "lr": 0.0009990274631942336,
    "dropout": 0.12416938716808784
}