{
    "hidden_size": 32,
    "n_layers": 2,
    "alpha_pit": 50.37387733433428,
    "lr": 0.0009807113272395143,
    "dropout": 0.27124009469539245
}