{
    "hidden_size": 32,
    "n_layers": 2,
    "alpha_pit": 69.13122666187694,
    "lr": 0.000998483022185453,
    "dropout": 0.23169800997504927
}