{
    "hidden_size": 32,
    "n_layers": 2,
    "alpha_pit": 50.16332917892748,
    "lr": 0.0009148931104736325,
    "dropout": 0.1474948069348384
}