{
    "hidden_size": 8,
    "n_layers": 2,
    "alpha_pit": 61.911365514184915,
    "lr": 0.0002007969911878341,
    "dropout": 0.3782343183308221
}