{
    "hidden_size": 32,
    "n_layers": 2,
    "alpha_pit": 50.00044507070143,
    "lr": 0.0009994489571744892,
    "dropout": 0.3427467340531721
}